{"$schema":"https://schema.freqtrade.io/schema.json","max_open_trades":1,"stake_currency":"USDT","stake_amount":"unlimited","tradable_balance_ratio":0.99,"fiat_display_currency":"USD","dry_run":true,"dry_run_wallet":1000,"cancel_open_orders_on_exit":false,"trading_mode":"futures","margin_mode":"isolated","unfilledtimeout":{"entry":10,"exit":10,"exit_timeout_count":0,"unit":"minutes"},"entry_pricing":{"price_side":"same","use_order_book":true,"order_book_top":1,"price_last_balance":0.0,"check_depth_of_market":{"enabled":false,"bids_to_ask_delta":1}},"exit_pricing":{"price_side":"same","use_order_book":true,"order_book_top":1},"exchange":{"name":"okx","key":"REDACTED","secret":"REDACTED","password":"REDACTED","ccxt_config":{},"ccxt_async_config":{},"pair_whitelist":["SOL/USDT:USDT"],"pair_blacklist":[]},"pairlists":[{"method":"StaticPairList"}],"telegram":{"enabled":true,"token":"REDACTED","chat_id":"REDACTED"},"api_server":{"enabled":true,"listen_ip_address":"0.0.0.0","listen_port":8080,"verbosity":"info","enable_openapi":true,"jwt_secret_key":"2dd14e2a0ea33536e661501f3e838fc7c7bdb50bb32a716a1138661e5da63a5d","ws_token":"41colmTERLFEh6iUpB37E-0XUZZBHZyNUw","CORS_origins":[],"username":"freqtrader","password":"REDACTED"},"bot_name":"freqtrade","strategy":"CandleFlipFixedDirection","timeframe":"15m","initial_state":"running","force_entry_enable":false,"internals":{"process_throttle_secs":5},"config_files":["/freqtrade/user_data/config.json"]}